spotify_id,scraper_name,chartmasters_name,scraper_image_url,mb_id,mb_type_raw,parsed_artist_type,gender,country,birth_date,death_date,disband_date,debut_year,member_count,genres,primary_genre,secondary_genre,is_dead,is_disbanded
3TVXtAsR1Inumwj472S9r4,Drake,Drake,https://image-cdn-fa.spotifycdn.com/image/ab6761610000e5eb4293385d324db8558179afd9,9fff2f8a-21e6-47de-a2b8-7f449929d43f,Person,solo,male,CA,1986-10-24,,,2006,1,alternative r&b; contemporary r&b; hardcore hip hop; hip hop; pop; pop rap; r&b; trap,hip hop,r&b,FALSE,
06HL4z0CvFAxyc27GXpf02,Taylor Swift,Taylor Swift,https://image-cdn-ak.spotifycdn.com/image/ab6761610000e5ebe2e8e7ff002a4afda1c7147e,20244d07-534f-4eff-b4d4-930878889970,Person,solo,female,US,1989-12-13,,,2006,1,alternative pop; contemporary country; country; country pop; electropop; indie folk; pop; pop rock; singer-songwriter; synth-pop,pop,country,FALSE,
4q3ewBCX7sLwd24euuV69X,Bad Bunny,Bad Bunny,https://image-cdn-ak.spotifycdn.com/image/ab6761610000e5eb81f47f44084e0a09b5f0fa13,89aa5ecb-59ad-46f5-b3eb-2d424e941f19,Person,solo,male,PR,1994-03-10,,,2016,1,hip hop; latin; reggaeton; trap latino,latin,hip hop,FALSE,
1Xyo4u8uXC1ZmMpatF05PJ,The Weeknd,The Weeknd,https://image-cdn-fa.spotifycdn.com/image/ab6761610000e5eb9e528993a2820267b97f6aae,c8b03190-306c-4120-bb0b-6f2ebfc06ea9,Person,solo,male,CA,1990-02-16,,,2011,1,alternative r&b; contemporary r&b; dance-pop; hypnagogic pop; pop; r&b; synth-pop,pop,r&b,FALSE,
1uNFoZAHBGtllmzznpCI3s,Justin Bieber,Justin Bieber,https://image-cdn-ak.spotifycdn.com/image/ab6761610000e5ebaf20f7db5288bce9beede034,e0140a67-e4d1-4f13-8a01-364355bee46e,Person,solo,male,CA,1994-03-01,,,2009,1,dance-pop; pop; pop rap; r&b; teen pop,pop,,FALSE,
66CXWjxzNUsdJxJ2JdwvnR,Ariana Grande,Ariana Grande,https://image-cdn-fa.spotifycdn.com/image/ab6761610000e5eb6725802588d7dc1aba076ca5,f4fdbb4c-e4b7-47a0-b83b-d91bbfcfa387,Person,solo,female,US,1993-06-26,,,2011,1,contemporary r&b; dance-pop; pop; r&b; trap soul,r&b,pop,FALSE,
6eUKZXaKkcviH0Ku9w2n3V,Ed Sheeran,Ed Sheeran,https://image-cdn-ak.spotifycdn.com/image/ab6761610000e5ebd55c95ad400aed87da52daec,b8a7c51f-362c-4dcb-a259-bc6e0095f0a6,Person,solo,male,GB,1991-02-17,,,2011,1,dance-pop; folk; folk pop; persian pop; pop; singer-songwriter; soft rock,pop,alternative,FALSE,
0Y5tJX1MQlPlqiwlOH1tJY,Travis Scott,Travis Scott,https://image-cdn-fa.spotifycdn.com/image/ab6761610000e5eb19c2790744c792d05570bb71,e4a51f17-a57b-47b1-b37b-f552d0f8e9e6,Person,solo,male,US,1991-04-30,,,2013,1,experimental hip hop; hip hop; pop rap; southern hip hop; trap,hip hop,,FALSE,
7dGJo4pcD2V6oG8kP0tJRR,Eminem,Eminem,https://image-cdn-ak.spotifycdn.com/image/ab6761610000e5eba00b11c129b27a88fc72f36b,b95ce3ff-3d05-4e87-9e01-c97b66af13d4,Person,solo,male,US,1972-10-17,,,1996,1,boom bap; conscious hip hop; hardcore hip hop; hip hop; horrorcore; pop rap; trap,hip hop,,FALSE,
5K4W6rqBFWDnAN6FQUkS6x,Kanye West,Kanye West,https://image-cdn-ak.spotifycdn.com/image/ab6761610000e5eb6e835a500e791bf9c27a422a,164f0d73-1234-4e2c-8743-d77bf2191051,Person,solo,male,US,1977-06-08,,,2003,1,chipmunk soul; christian hip hop; conscious hip hop; electropop; experimental hip hop; gospel; hip hop; pop; pop rap; trap,hip hop,pop,FALSE,
2YZyLoL8N0Wb9xBt1NhZWg,Kendrick Lamar,Kendrick Lamar,https://image-cdn-ak.spotifycdn.com/image/ab6761610000e5eb39ba6dcd4355c03de0b50918,381086ea-f511-4aba-bdf9-71c753dc5077,Person,solo,male,US,1987-06-17,,,2011,1,alternative hip hop; conscious hip hop; hardcore hip hop; hip hop; jazz rap; pop; pop rap; trap; west coast hip hop,hip hop,,FALSE,
5pKCCKE2ajJHZ9KAiaK11H,Rihanna,Rihanna,https://image-cdn-fa.spotifycdn.com/image/ab6761610000e5ebcb565a8e684e3be458d329ac,73e5e69d-3554-40d8-8516-00cb38737a1c,Person,solo,female,US,1988-02-20,,,2005,1,contemporary r&b; dance; dance-pop; dancehall; electro house; electropop; hip hop; pop; pop soul; r&b; reggae,pop,r&b,FALSE,
6qqNVTkY8uBg9cP3Jd7DAH,Billie Eilish,Billie Eilish,https://image-cdn-fa.spotifycdn.com/image/ab6761610000e5eb4a21b4760d2ecb7b0dcdc8da,f4abc0b5-3f7a-4eff-8f78-ac078dbce533,Person,solo,female,US,2001-12-18,,,2015,1,alternative pop; alternative r&b; art pop; bedroom pop; contemporary r&b; electronic; electronica; electropop; indie pop; pop; pop rock; pop soul; singer-songwriter,pop,alternative,FALSE,
246dkjvS1zLTtiykXe5h60,Post Malone,Post Malone,https://image-cdn-ak.spotifycdn.com/image/ab6761610000e5ebe17c0aa1714a03d62b5ce4e0,b1e26560-60e5-4236-bbdb-9aa5a8d5ee19,Person,solo,male,US,1995-07-04,,,2015,1,alternative r&b; cloud rap; contemporary r&b; country; hip hop; pop rap; r&b; trap,hip hop,r&b,FALSE,
1vyhD5VmyZ7KMfW5gqLgo5,J Balvin,J Balvin,https://image-cdn-ak.spotifycdn.com/image/ab6761610000e5eb0405b03342c2e56751b9923d,5bdeb32d-56a5-4b6d-a768-264101fa0a0a,Person,solo,male,CO,1985-05-07,,,2009,1,hip hop; latin; latin pop; pop; reggaeton,latin,pop,FALSE,
1RyvyyTE3xzB2ZywiAwp0i,Future,Future,https://image-cdn-ak.spotifycdn.com/image/ab6761610000e5eb7565b356bc9d9394eefa2ccb,48262e82-db9f-4a92-b650-dfef979b73ec,Person,solo,male,US,1983-11-20,,,2011,1,hip hop; southern hip hop; trap,hip hop,,FALSE,
0du5cEVh5yTK9QJze8zA0C,Bruno Mars,Bruno Mars,https://image-cdn-fa.spotifycdn.com/image/ab6761610000e5ebc36dd9eb55fb0db4911f25dd,afb680f2-b6eb-4cd7-a70b-a63b25c763d5,Person,solo,male,US,1985-10-08,,,2010,1,funk; pop; r&b; rock; soul,r&b,,FALSE,
3Nrfpe0tUJi4K4DXYWgMUX,BTS,BTS,https://image-cdn-ak.spotifycdn.com/image/ab6761610000e5ebd642648235ebf3460d2d1f6a,0d79fe8e-ba27-4859-bb8c-2f255f346853,Group,group,male,KR,,,,2013,7,k-pop; pop,k-pop,pop,,FALSE
1i8SpTcr7yvPOmcqrbnVXY,Ozuna,Ozuna,https://image-cdn-ak.spotifycdn.com/image/ab6761610000e5eb463e10d5f1a533ddd6eb9a04,f2651b63-a44d-4d1d-ba64-d981d971ecd1,Person,solo,male,PR,1992-03-13,,,2017,1,latin; reggaeton; trap latino,latin,,FALSE,
4MCBfE4596Uoi2O4DtmEMz,Juice WRLD,Juice WRLD,https://image-cdn-fa.spotifycdn.com/image/ab6761610000e5eb23a60030944f7853c21565ef,4e4ebde4-0c56-4dec-844b-6c73adcdd92d,Person,solo,male,US,1998-12-02,2019-12-08,,2018,1,cloud rap; emo rap; hip hop; trap,hip hop,,TRUE,
4gzpq5DPGxSnKTe4SA8HAU,Coldplay,Coldplay,https://image-cdn-ak.spotifycdn.com/image/ab6761610000e5eb1ba8fc5f5c73e7e9313cc6eb,cc197bad-dc9c-440d-a5b5-d52ba2e14234,Group,group,male,GB,,,,1998,4,alternative rock; art pop; britpop; dream pop; piano rock; pop; pop rock; post-britpop; rock,pop,rock,,FALSE
7bXgB6jMjp9ATFy66eO08Z,Chris Brown,Chris Brown,https://image-cdn-ak.spotifycdn.com/image/ab6761610000e5eba48397e590a1c70e2cda7728,c234fa42-e6a6-443e-937e-2f4b073538a3,Person,solo,male,US,1989-05-05,,,2005,1,contemporary r&b; dance; electro house; electropop; hip hop; pop; r&b; trap,hip hop,pop,FALSE,
0hCNtLu0JehylgoiP8L4Gh,Nicki Minaj,Nicki Minaj,https://image-cdn-fa.spotifycdn.com/image/ab6761610000e5eb07a50f0a9a8f11e5a1102cbd,1036b808-f58c-4a3e-b461-a2c4492ecf1b,Person,solo,female,US,1982-12-08,,,2010,1,east coast hip hop; electronic; hip hop; pop; pop rap; r&b,hip hop,pop,FALSE,
26V3iUEDBumgX9YpSBka1b,Daddy Yankee,Daddy Yankee,https://image-cdn-fa.spotifycdn.com/image/ab67616d0000b273007a2b31feaf77c6c4af778e,2f522f5c-111c-4ce8-8bd0-d82e97c227ad,Person,solo,male,PR,1977-02-03,,,1998,1,reggaeton; latin; hip hop; latin pop; reggae,latin,reggae,FALSE,
6M2wZ9GZgrQXHCFfjv46we,Dua Lipa,Dua Lipa,https://image-cdn-ak.spotifycdn.com/image/ab6761610000e5eb0c68f6c95232e716f0abee8d,6f1a58bf-9b1b-49cf-a44a-6cefad7ae04f,Person,solo,female,GB,1995-08-22,,,2015,1,alternative pop; boogie; contemporary r&b; dance-pop; dream pop; electropop; europop; funktronica; house; hypnagogic pop; indie pop; leftfield; nu disco; pop; r&b; synth-pop,pop,r&b,FALSE,
1Cs0zKBU1kc0i8ypK3B9ai,David Guetta,David Guetta,https://image-cdn-ak.spotifycdn.com/image/ab6761610000e5ebf150017ca69c8793503c2d4f,302bd7b9-d012-4360-897a-93b00c855680,Person,solo,male,FR,1967-11-07,,,2001,1,dance; dance-pop; electro house; electronic; electropop; festival progressive house; future rave; house; tech house,electronic,pop,FALSE,
00FQb4jTyendYWaN8pK0wa,Lana Del Rey,Lana Del Rey,https://image-cdn-ak.spotifycdn.com/image/ab6761610000e5ebb99cacf8acd5378206767261,b7539c32-53e7-4908-bda3-81449c367da6,Person,solo,female,US,1985-06-21,,,2011,1,alternative pop; art pop; ballad; chamber pop; dream pop; electronic; indie pop; neo-psychedelia; pop; singer-songwriter; trip hop,pop,alternative,FALSE,
15UsOTVnJzReFVN1VCnxy4,XXXTENTACION,XXXTENTACION,https://image-cdn-ak.spotifycdn.com/image/ab6761610000e5ebf0c20db5ef6c6fbe5135d2e4,61af87f4-16ee-4431-8504-cc06187079fb,Person,solo,male,US,1998-01-23,2018-06-18,,2015,1,emo rap; hip hop; trap; trap metal,hip hop,,TRUE,
53XhwfbYqKCa1cC15pYq2q,Imagine Dragons,Imagine Dragons,https://image-cdn-fa.spotifycdn.com/image/ab6761610000e5ebab47d8dae2b24f5afe7f9d38,012151a8-0f9a-44c9-997f-ebd68b5389f9,Group,group,male,US,,,,2012,3,alternative pop; alternative rock; electropop; indie pop; indietronica; pop; pop rock; rock,pop,alternative,,FALSE
55Aa2cqylxrFIXC767Z865,Lil Wayne,Lil Wayne,https://image-cdn-ak.spotifycdn.com/image/ab6761610000e5eb998010cd1075921b5faf16b2,ac9a487a-d9d2-4f27-bb23-0f4686488345,Person,solo,male,US,1982-09-27,,,1999,1,gangsta rap; hip hop; pop; pop rap; r&b; rap rock; rock; southern hip hop; trap,hip hop,pop,FALSE,
1URnnhqYAYcrqrcwql10ft,21 Savage,21 Savage,https://image-cdn-fa.spotifycdn.com/image/ab6761610000e5eb4f8f76117470957c0e81e5b2,37b2cb82-ef79-4d46-a184-a549450aa231,Person,solo,male,US,1992-10-22,,,2015,1,gangsta rap; hip hop; pop rap; southern hip hop; trap,hip hop,,FALSE,
1mcTU81TzQhprhouKaTkpq,Rauw Alejandro,Rauw Alejandro,https://image-cdn-fa.spotifycdn.com/image/ab6761610000e5eb43ea45ccf08451d2511d33fa,197b70c7-8910-4030-ad03-632d82aa40e3,Person,solo,male,PR,1993-01-10,,,2016,1,hip hop; latin; reggaeton; trap latino,latin,hip hop,FALSE,
2R21vXR83lH98kGeO99Y66,Anuel AA,Anuel AA,https://image-cdn-ak.spotifycdn.com/image/ab6761610000e5eba23ceb177745632b517cb7b2,87a75fc3-59e7-4598-925c-8e230bce5db9,Person,solo,male,PR,1992-11-27,,,2018,1,latin; reggaeton; trap latino,latin,,FALSE,
7tYKF4w9nC0nq9CsPZTHyP,SZA,SZA,https://image-cdn-ak.spotifycdn.com/image/ab6761610000e5ebfd0a9fb6c252a3ba44079acf,272989c8-5535-492d-a25c-9f58803e027f,Person,solo,female,US,1989-11-08,,,2012,1,alternative r&b; contemporary r&b; electronic; hip hop soul; neo soul; pop; r&b,r&b,,FALSE,
4O15NlyKLIASxsJ0PrXPfz,Lil Uzi Vert,Lil Uzi Vert,https://image-cdn-ak.spotifycdn.com/image/ab6761610000e5eb62c272d76220f2e9dad56704,8837b875-3689-4646-b3fd-d8b53815c7a8,Person,solo,non-binary,US,1995-07-31,,,2016,1,cloud rap; east coast hip hop; emo rap; hip hop; pop rap; rage; trap,hip hop,,FALSE,
790FomKkXshlbRYZFtlgla,KAROL G,KAROL G,https://image-cdn-ak.spotifycdn.com/image/ab6761610000e5eb66041ce9eb4497057cbc3496,de22adae-f8ac-414f-b653-b0162611bd60,Person,solo,female,CO,1991-02-14,,,2017,1,latin; r&b; reggaeton,latin,,FALSE,
5f7VJjfbwm532GiveGC0ZK,Lil Baby,Lil Baby,https://image-cdn-ak.spotifycdn.com/image/ab6761610000e5eb514da623c55dc9d2155705dd,d42a5768-ada1-4fb6-85fd-f61aba6264e0,Person,solo,male,US,1994-12-03,,,2017,1,hip hop; southern hip hop; trap,hip hop,,FALSE,
6LuN9FCkKOj5PcnpouEgny,Khalid,Khalid,https://image-cdn-ak.spotifycdn.com/image/ab6761610000e5eb8f77c3eddc1869e9542b04bc,28737730-ec70-4da5-89c5-77ac13c5c34d,Person,solo,male,US,1998-02-11,,,2016,1,contemporary r&b; hip hop; leftfield; pop; r&b; singer-songwriter,r&b,,FALSE,
1HY2Jd0NmPuamShAr6KMms,Lady Gaga,Lady Gaga,https://image-cdn-ak.spotifycdn.com/image/ab6761610000e5ebaadc18cac8d48124357c38e6,650e7db6-b795-4eb5-a702-5ea2fc46c848,Person,solo,female,US,1986-03-28,,,2008,1,americana; dance; dance-pop; electro house; electronic; electropop; jazz; pop; pop rock; synth-pop,pop,electronic,FALSE,
6vWDO969PvNqNYHIOW5v0m,Beyoncé,Beyoncé,https://image-cdn-ak.spotifycdn.com/image/ab6761610000e5eb7eaa373538359164b843f7c0,859d0860-d480-4efd-970c-c05d5f1776b8,Person,solo,female,US,1981-09-04,,,2002,1,alternative r&b; americana; contemporary r&b; country; dance; dance-pop; disco; electropop; funk; hip hop; house; pop; pop rap; pop soul; progressive house; r&b; singer-songwriter; soul,r&b,pop,FALSE,
04gDigrS5kc9YWfZHwBETP,Maroon 5,Maroon 5,https://image-cdn-fa.spotifycdn.com/image/ab6761610000e5ebf8349dfb619a7f842242de77,0ab49580-c84f-44d4-875f-d83760ea2cfe,Group,group,male,US,,,,2002,6,alternative rock; dance; dance-pop; electropop; funk rock; indie rock; pop; pop rock; rock,rock,pop,,FALSE
1r4hJ1h58CWwUQe3MxPuau,Maluma,Maluma,https://image-cdn-fa.spotifycdn.com/image/ab6761610000e5ebc865fa1b398bc1cd02649f51,e8979f75-9110-4df8-ac70-898898d080d1,Person,solo,male,CO,1994-01-28,,,2012,1,latin; latin pop; reggaeton; trap latino,latin,,FALSE,
6l3HvQ5sa6mXTsMTB19rO5,J. Cole,J. Cole,https://image-cdn-fa.spotifycdn.com/image/ab6761610000e5eb4b053c29fd4b317ff825f0dc,875203e1-8e58-4b86-8dcb-7190faf411c5,Person,solo,male,US,1985-01-28,,,2010,1,hip hop,hip hop,,FALSE,
7CajNmpbOovFoOoasH2HaY,Calvin Harris,Calvin Harris,https://image-cdn-fa.spotifycdn.com/image/ab6761610000e5eb1e4bcd2bef1896648762dd6b,8dd98bdc-80ec-4e93-8509-2f46bafc09a7,Person,solo,male,GB,1984-01-17,,,2006,1,club; dance; dance-pop; edm; electro house; electronic; electropop; festival progressive house; funktronica; melodic house; melodic techno; nu disco; pop; progressive house; synth-pop; uk garage,electronic,pop,FALSE,
4YRxDV8wJFPHPTeXepOstw,Arijit Singh,Arijit Singh,https://image-cdn-fa.spotifycdn.com/image/ab6761610000e5eb5ba2d75eb08a2d672f9b69b7,ed3f4831-e3e0-4dc0-9381-f5649e9df221,Person,solo,male,IN,1987-04-25,,,2013,1,filmi; indian pop,pop,,FALSE,
2LRoIwlKmHjgvigdNGBHNo,Feid,Feid,https://image-cdn-ak.spotifycdn.com/image/ab6761610000e5eb600ee3d2a14da8d038fa7bbf,eaee97f6-f2e4-414a-966c-f31a1fb4696a,Person,solo,male,CO,1992-08-19,,,2015,1,latin; reggaeton; trap latino,latin,,FALSE,
7iK8PXO48WeuP03g8YR51W,Myke Towers,Myke Towers,https://image-cdn-ak.spotifycdn.com/image/ab6761610000e5eb8372345609bebaf1e948ef7f,d2945137-b01d-4195-9f82-64d20f8ba657,Person,solo,male,PR,1994-01-15,,,2016,1,latin; reggaeton; trap latino,latin,,FALSE,
5cj0lLjcoR7YOSnhnX0Po5,Doja Cat,Doja Cat,https://image-cdn-ak.spotifycdn.com/image/ab6761610000e5eb8a0644455ebfa7d3976f5101,5df62a88-cac9-490a-b62c-c7c88f4020f4,Person,solo,female,US,1995-10-21,,,2014,1,alternative rock; grunge; hip hop; pop; pop rap; post-grunge; power pop; rock; trap; west coast hip hop,hip hop,rock,FALSE,
5WUlDfRSoLAfcVSX1WnrxN,Sia,Sia,https://image-cdn-fa.spotifycdn.com/image/ab6761610000e5eb91c19888fe2fa3d5066199d1,2f548675-008d-4332-876c-108b0c7ab9c5,Person,solo,female,AU,1975-12-18,,,2000,1,alternative pop; art pop; dance-pop; electropop; indie pop; pop,pop,alternative,FALSE,
50co4Is1HCEo8bhOyUWKpn,Young Thug,Young Thug,https://image-cdn-ak.spotifycdn.com/image/ab6761610000e5eb9f2fb33940aac624dc5d100d,800760de-bdf8-43a2-8fe0-44a2401a5515,Person,solo,male,US,1991-08-16,,,2014,1,hip hop; southern hip hop; trap,hip hop,,FALSE,
6XyY86QOPPrYVGvF9ch6wz,Linkin Park,Linkin Park,https://image-cdn-fa.spotifycdn.com/image/ab6761610000e5eb527d95dabbe8b8b527e8136f,f59c5520-5f46-4d2c-b2c4-822eabf53419,Group,group,mixed,US,,,,2000,6,alternative metal; alternative rock; metal; nu metal; rap metal; rap rock; rock,metal,rock,,FALSE
329e4yvIujISKGKz1BZZbO,Farruko,Farruko,https://image-cdn-ak.spotifycdn.com/image/ab6761610000e5eb69c46f8a2fe8114da9170aca,d2b3524f-67e8-45ef-bfc1-693cac525135,Person,solo,male,PR,1991-05-02,,,2009,1,latin; reggaeton; trap latino,latin,,FALSE,
0EmeFodog0BfCgMzAIvKQp,Shakira,Shakira,https://image-cdn-fa.spotifycdn.com/image/ab6761610000e5eb44b07362e94585ebd7c564c9,bf24ca37-25f4-4e34-9aec-460b94364cfc,Person,solo,female,CO,1977-02-02,,,1991,1,latin; latin pop; pop; pop rock,latin,pop,FALSE,
7n2wHs1TKAczGzO7Dd2rGr,Shawn Mendes,Shawn Mendes,https://image-cdn-ak.spotifycdn.com/image/ab6761610000e5eb58b4b9419486550f6fda0535,b7d92248-97e3-4450-8057-6fe06738f735,Person,solo,male,CA,1998-08-08,,,2014,1,folk pop; pop; pop rock; pop soul; teen pop,pop,,FALSE,
1SupJlEpv7RS2tPNRaHViT,Nicky Jam,Nicky Jam,https://image-cdn-ak.spotifycdn.com/image/ab6761610000e5eb45780f160ed896e42b6d17b0,c458e9dc-e0d5-45ea-9e83-f9d0395f030d,Person,solo,male,PR,1980-02-25,,,2019,1,latin; reggaeton,latin,,FALSE,
2wY79sveU1sp5g7SokKOiI,Sam Smith,Sam Smith,https://image-cdn-ak.spotifycdn.com/image/ab6761610000e5eb3262e01b79152c4f8007f3ac,5a85c140-dcf9-4dd2-b2c8-aff0471549f3,Person,solo,non-binary,GB,1992-05-19,,,2008,1,alternative r&b; blue-eyed soul; pop; pop soul; soul; synth funk,r&b,pop,FALSE,
12GqGscKJx3aE4t07u7eVZ,Peso Pluma,Peso Pluma,https://image-cdn-ak.spotifycdn.com/image/ab6761610000e5ebe5283f5b671cf618b82a2696,75e4f8ef-34c3-44fd-8467-88a7d9599f77,Person,solo,male,MX,1999-06-15,,,2021,1,corrido tumbado; regional mexicano,latin,,FALSE,
1dfeR4HaWDbWqFHLkxsg1d,Queen,Queen,https://i.scdn.co/image/af2b8e57f6d7b5d43a616bd1e27ba552cd8bfd42,0383dadf-2a4e-4d10-a46a-e9e041da8eb3,Group,group,male,GB,,,,1973,3,art rock; classic rock; glam rock; hard rock; pop rock; progressive rock; rock; symphonic rock,rock,,,FALSE
4oUHIQIBe0LHzYfvXNW4QM,Morgan Wallen,Morgan Wallen,https://image-cdn-ak.spotifycdn.com/image/ab6761610000e5eb4245b1652fcc23f2b76ccd07,2077273e-eaa1-4f49-903c-f286ededecb9,Person,solo,male,US,1993-05-13,,,2018,1,country; country pop,country,,FALSE,
4AK6F7OLvEQ5QYCBNiQWHq,One Direction,One Direction,https://i.scdn.co/image/289c7f686f5b78ceeb224453cf9a15697a678a79,1a425bbd-cca4-4b2c-aeb7-71cb176c828a,Group,group,male,GB,,,,2011,4,dance-pop; folk pop; pop; pop rock; power pop; teen pop,pop,,,FALSE
0iEtIxbK0KxaSlF7G42ZOp,Metro Boomin,Metro Boomin,https://image-cdn-fa.spotifycdn.com/image/ab6761610000e5eb28f1e72b31e756ea3f3a51e7,59db3d82-86ea-451f-881f-dffc8ec387c9,Person,solo,male,US,1993-09-16,,,2017,1,hip hop; trap,hip hop,,FALSE,
4dpARuHxo51G3z768sgnrY,Adele,Adele,https://image-cdn-fa.spotifycdn.com/image/ab6761610000e5eb68f6e5892075d7f22615bd17,cc2c9c3c-b7bc-4b8b-84d8-4fbd8779e493,Person,solo,female,GB,1988-05-05,,,2007,1,blue-eyed soul; neo soul; pop; pop soul; r&b; soul,r&b,pop,FALSE,
6KImCVD70vtIoJWnq6nGn3,Harry Styles,Harry Styles,https://image-cdn-fa.spotifycdn.com/image/ab6761610000e5ebf7db7c8ede90a019c54590bb,7eb1ce54-a355-41f9-8d68-e018b096d427,Person,solo,male,GB,1994-02-01,,,2017,1,funk; new wave; pop; rock; soft rock; soul; synth-pop,pop,r&b,FALSE,
7c0XG5cIJTrrAgEC3ULPiq,Ty Dolla $ign,Ty Dolla $ign,https://image-cdn-fa.spotifycdn.com/image/ab6761610000e5ebdeccf223fe80d308aba91b64,7bd66c18-cb33-49aa-9279-140acedbdb49,Person,solo,male,US,1985-04-13,,,2010,1,contemporary r&b; hip hop; pop rap; r&b,hip hop,r&b,FALSE,
2hlmm7s2ICUX0LVIhVFlZQ,Gunna,Gunna,https://image-cdn-fa.spotifycdn.com/image/ab6761610000e5eba998bc86f87b9fe7e2466110,100b8734-f4f0-4536-9960-47f7c59d1b4c,Person,solo,male,US,1993-06-14,,,2019,1,hip hop; pop rap; southern hip hop; trap,hip hop,,FALSE,
7Ln80lUS6He07XvHI8qqHH,Arctic Monkeys,Arctic Monkeys,https://image-cdn-ak.spotifycdn.com/image/ab6761610000e5eb7da39dea0a72f581535fb11f,ada7a83c-e3e1-40f1-93f9-3e73dbc9298a,Group,group,male,GB,,,,2005,4,alternative rock; art rock; baroque pop; garage rock; garage rock revival; indie rock; neo-psychedelia; post-punk revival; psychedelic pop; psychedelic rock,rock,alternative,,FALSE
0C8ZW7ezQVs4URX5aX7Kqx,Selena Gomez,Selena Gomez,https://image-cdn-ak.spotifycdn.com/image/ab6761610000e5eb815e520e3ce7fe210046ba66,e4bc69e2-a064-4f93-ada1-f7f209cc1cc3,Person,solo,female,US,1992-07-22,,,2008,1,alternative pop; alternative r&b; art pop; brostep; contemporary r&b; dance-pop; electro house; electro-disco; electropop; pop; rock; teen pop,pop,r&b,FALSE,
6jJ0s89eD6GaHleKKya26X,Katy Perry,Katy Perry,https://image-cdn-fa.spotifycdn.com/image/ab6761610000e5eb4be5330bd48527f9dd620663,122d63fc-8671-43e4-9752-34e846d62a9c,Person,solo,female,US,1984-10-25,,,2008,1,bubblegum pop; dance-pop; disco; electropop; pop; pop rock; synth-pop; teen pop,pop,,FALSE,
4V8LLVI7PbaPR0K2TGSxFF,"Tyler, The Creator","Tyler, The Creator",https://image-cdn-ak.spotifycdn.com/image/ab6761610000e5ebdf2728294ff77dd11eeb18fb,f6beac20-5dfe-4d1f-ae02-0b0a740aafd6,Person,solo,male,US,1991-03-06,,,2009,1,hardcore hip hop; hip hop; horrorcore; west coast hip hop,hip hop,,FALSE,
7AVqOkmUtZwDqcqw9Ytzmi,Pritam,Pritam,https://image-cdn-ak.spotifycdn.com/image/ab67616d0000b273efc0b3599ed391324f394949,52db98c1-0cc9-4aab-9f2d-ea8d359234f3,Person,solo,male,IN,1971-06-14,,,2002,1,filmi,other,,FALSE,
1McMsnEElThX1knmY4oliG,Olivia Rodrigo,Olivia Rodrigo,https://image-cdn-ak.spotifycdn.com/image/ab6761610000e5ebe03a98785f3658f0b6461ec4,6925db17-f35e-42f3-a4eb-84ee6bf5d4b0,Person,solo,female,US,2003-02-20,,,2021,1,folk pop; musical; pop; pop punk; pop rock; power pop; singer-songwriter,pop,rock,FALSE,
26VFTg2z8YR0cCuwLzESi2,Halsey,Halsey,https://image-cdn-fa.spotifycdn.com/image/ab6761610000e5eb15136101a0f63f0b2800b9dc,3377f3bb-60fc-4403-aea9-7e800612e060,Person,solo,female,US,1994-09-29,,,2014,1,alternative pop; alternative r&b; alternative rock; contemporary r&b; electropop; indie pop; pop; pop rock; synth-pop,pop,alternative,FALSE,
3WrFJ7ztbogyGnTHbHJFl2,The Beatles,The Beatles,https://image-cdn-fa.spotifycdn.com/image/ab6761610000e5ebe9348cc01ff5d55971b22433,b10bbbfc-cf9e-42e0-be17-e2c3e1d2600d,Group,group,male,GB,,,1970-04-10,1962,3,classic rock; mainstream rock; merseybeat; pop; pop rock; psychedelic pop; psychedelic rock; rock; rock and roll,rock,pop,,TRUE
0TnOYISbd1XYRBk9myaseg,Pitbull,Pitbull,https://image-cdn-ak.spotifycdn.com/image/ab6761610000e5eb8d8ac7290d0fe2d12fb6e4d9,d262ea27-3ffe-40f7-b922-85c42d625e67,Person,solo,male,US,1981-01-15,,,2004,1,dance; dance-pop; electro house; electropop; eurodance; hip hop; hip house; latin; latin pop; pop rap; southern hip hop,latin,pop,FALSE,
137W8MRPWKqSmrBGDBFSop,Wiz Khalifa,Wiz Khalifa,https://image-cdn-ak.spotifycdn.com/image/ab6761610000e5ebc66b0a8c3268f0b6556f64a8,f5dfa020-ad69-41cd-b3d4-fd7af0414e94,Person,solo,male,US,1987-09-08,,,2006,1,east coast hip hop; hip hop; pop rap,hip hop,,FALSE,
699OTQXzgjhIYAHMy9RyPD,Playboi Carti,Playboi Carti,https://image-cdn-ak.spotifycdn.com/image/ab6761610000e5ebba50ca67ffc3097f6ea1710a,2baf3276-ed6a-4349-8d2e-f4601e7b2167,Person,solo,male,US,1995-09-13,,,2017,1,cloud rap; hip hop; plugg; rage; southern hip hop; trap,hip hop,other,FALSE,
7Gi6gjaWy3DxyilpF1a8Is,Junior H,Junior H,https://image-cdn-ak.spotifycdn.com/image/ab6761610000e5eb5fbe9b7dc7d9a2295bd6022c,af1b83bb-3edc-4443-b771-67a1d235e82b,Person,solo,male,MX,2000-04-23,,,2019,1,corrido tumbado; regional mexicano,latin,,FALSE,
69GGBxA162lTqCwzJG5jLp,The Chainsmokers,The Chainsmokers,https://image-cdn-ak.spotifycdn.com/image/ab6761610000e5eb4567279fac84a0375c3d819b,91a81925-92f9-4fc9-b897-93cf01226282,Group,group,male,US,,,,2012,2,dance-pop; edm; electro house; electronic; electropop; future bass,electronic,pop,,FALSE
3nFkdlSjzX9mRTtwJOzDYB,JAY-Z,JAY-Z,https://image-cdn-ak.spotifycdn.com/image/ab6761610000e5ebc75afcd5a9027f60eaebb5e4,f82bcf78-5b69-4622-a5ef-73800768d9ac,Person,solo,male,US,1969-12-04,,,1994,1,boom bap; chipmunk soul; east coast hip hop; hardcore hip hop; hip hop; pop; pop rap,hip hop,pop,FALSE,
2h93pZq0e7k5yf4dywlkpM,Frank Ocean,Frank Ocean,https://image-cdn-ak.spotifycdn.com/image/ab6761610000e5ebee3123e593174208f9754fab,e520459c-dff4-491d-a6e4-c97be35e0044,Person,solo,male,US,1987-10-28,,,2011,1,alternative r&b; contemporary r&b; pop; r&b,r&b,,FALSE,
13ubrt8QOOCPljQ2FL1Kca,A$AP Rocky,A$AP Rocky,https://image-cdn-ak.spotifycdn.com/image/ab6761610000e5eb5c58c41a506a0d6b32cc6cad,25b7b584-d952-4662-a8b9-dd8cdfbfeb64,Person,solo,male,US,1988-10-03,,,2011,1,cloud rap; east coast hip hop; experimental hip hop; hardcore hip hop; hip hop; pop rap; trap,hip hop,,FALSE,
5YGY8feqx7naU7z4HrwZM6,Miley Cyrus,Miley Cyrus,https://image-cdn-fa.spotifycdn.com/image/ab6761610000e5ebf4cccd14ec026038d713e353,7e9bd05a-117f-4cce-87bc-e011527a8b18,Person,solo,non-binary,US,1992-11-23,,,2007,1,contemporary r&b; dance-pop; electropop; pop; pop rock; power pop; rock; teen pop,pop,rock,FALSE,
64KEffDW9EtZ1y2vBYgq8T,Marshmello,Marshmello,https://image-cdn-ak.spotifycdn.com/image/ab6761610000e5eb3b2498dc8a8c6eceed0a2db3,301b45a4-b8b9-410e-8344-4b4eaf96691a,Person,solo,male,US,1992-05-19,,,2015,1,edm; future bass; hip hop; progressive house; trap edm,electronic,hip hop,FALSE,
0ys2OFYzWYB5hRDLCsBqxt,Fuerza Regida,Fuerza Regida,https://image-cdn-ak.spotifycdn.com/image/ab6761610000e5eb158a3d24a31166b983e26325,e665ce26-6ce9-4c42-8f6a-7a361a0ba328,Group,group,male,MX,,,,2018,1,regional mexicano,other,,,FALSE
4kYSro6naA4h99UJvo89HB,Cardi B,Cardi B,https://image-cdn-ak.spotifycdn.com/image/ab6761610000e5eba23286f24edd4a7dbdc6311d,2f3c4d70-0462-40da-bba3-0aec5772c556,Person,solo,female,US,1992-10-11,,,2017,1,alternative pop; east coast hip hop; hardcore hip hop; hip hop; pop; pop rap; trap; trap soul,hip hop,pop,FALSE,
7hJcb9fa4alzcOq3EaNPoG,Snoop Dogg,Snoop Dogg,https://image-cdn-fa.spotifycdn.com/image/ab6761610000e5ebc19a88576ebe6fcbb325c297,f90e8b26-9e52-4669-a5c9-e28529c47894,Person,solo,male,US,1971-10-20,,,1993,1,g-funk; gangsta rap; hip hop; west coast hip hop,hip hop,,FALSE,
3YQKmKGau1PzlVlkL1iodx,Twenty One Pilots,Twenty One Pilots,https://image-cdn-fa.spotifycdn.com/image/ab6761610000e5eb61a7ea26d33ded218cd1e59d,a6c6897a-7415-4f8d-b5a5-3a5e05f3be67,Group,group,male,US,,,,2009,2,alternative hip hop; alternative pop; alternative rock; electropop; hip hop; indie pop; indietronica; piano rock; pop rap,alternative,pop,,FALSE
3xvaSlT4xsyk6lY1ESOspO,Disney,Disney,https://image-cdn-ak.spotifycdn.com/image/ab6761610000e5eb8a8eb6722e4495d1950088cc,66ea0139-149f-4a0c-8fbf-5ea9ec4a6e49,Other,unknown,unknown,US,1923-10-16,,,,,bogus artist; fixme; special purpose; special purpose artist,other,,,
74KM79TiuVKeVCqs8QtB0B,Sabrina Carpenter,Sabrina Carpenter,https://image-cdn-ak.spotifycdn.com/image/ab6761610000e5eb78e45cfa4697ce3c437cb455,1882fe91-cdd9-49c9-9956-8e06a3810bd4,Person,solo,female,US,1999-05-11,,,2014,1,dance-pop; electropop; pop,pop,,FALSE,
1vCWHaC5f2uS3yhpwWbIA6,Avicii,Avicii,https://image-cdn-fa.spotifycdn.com/image/ab6761610000e5ebae07171f989fb39736674113,c85cfd6b-b1e9-4a50-bd55-eb725f04f7d5,Person,solo,male,SE,1989-09-08,2018-04-20,,2008,1,dance-pop; edm; electro house; electronic; electropop; festival progressive house; funky house; house; progressive house; tropical house,electronic,,TRUE,
4SsVbpTthjScTS7U2hmr1X,Arcángel,Arcangel,https://image-cdn-fa.spotifycdn.com/image/ab6761610000e5eb188fba614da521f737b24f9e,47e7833f-f1a7-4703-942d-9acf12f39a1d,Person,solo,male,PR,1985-12-23,,,2007,1,latin; reggaeton; trap latino,latin,,FALSE,
0L8ExT028jH3ddEcZwqJJ5,Red Hot Chili Peppers,Red Hot Chili Peppers,https://image-cdn-fa.spotifycdn.com/image/ab6761610000e5ebc33cc15260b767ddec982ce8,8bfac288-ccc5-448d-9573-c33ea2aa5c30,Group,group,male,US,,,,1984,4,alternative rock; funk; funk metal; funk rock; pop rock; rap rock; rock,rock,r&b,,FALSE
4r63FhuTkUYltbVAg5TQnk,DaBaby,DaBaby,https://image-cdn-ak.spotifycdn.com/image/ab6761610000e5ebbd6918901c1714560669f570,87ae83df-6173-40cc-a0f2-bad543faa6aa,Person,solo,male,US,1991-12-22,,,2019,1,hip hop; southern hip hop,hip hop,,FALSE,
3fMbdgg4jU18AjLCKBhRSm,Michael Jackson,Michael Jackson,https://image-cdn-ak.spotifycdn.com/image/ab6761610000e5eb997cc9a4aec335d46c9481fd,f27ec8db-af05-4f36-916e-3d57f91ecf5e,Person,solo,male,US,1958-08-29,2009-06-25,,1971,1,boogie; contemporary r&b; dance-pop; disco; hip hop; new jack swing; pop; pop rap; pop rock; pop soul; r&b; soul,r&b,pop,TRUE,
5Pwc4xIPtQLFEnJriah9YJ,OneRepublic,OneRepublic,https://image-cdn-ak.spotifycdn.com/image/ab6761610000e5eb587687df50a967731901fcc2,c33c2065-b1c3-4406-b066-d33a9e2ea71a,Group,group,male,US,,,,2007,6,folk pop; pop; pop rock; rock,pop,rock,,FALSE
1VPmR4DJC1PlOtd0IADAO0,$uicideboy$,$uicideboy$,https://image-cdn-ak.spotifycdn.com/image/ab6761610000e5ebc4817922f21a5f2a36e12bf2,ef326b3d-61f0-4379-aca0-21237d696d63,Group,group,male,US,,,,2014,2,cloud rap; hip hop; horrorcore; memphis rap; phonk; southern hip hop; trap,hip hop,other,,FALSE
4nDoRrQiYLoBzwC5BhVJzF,Camila Cabello,Camila Cabello,https://image-cdn-ak.spotifycdn.com/image/ab6761610000e5eb76470faf6330235edbcb90a9,01b8b5bf-06cb-45da-85fb-61ada72fcd69,Person,solo,female,US,1997-03-03,,,2017,1,dance-pop; electropop; hyperpop; latin pop; pop; r&b,latin,pop,FALSE,
23fqKkggKUBHNkbKtXEls4,Kygo,Kygo,https://image-cdn-ak.spotifycdn.com/image/ab6761610000e5ebe5ea1aa1404629c12ad86658,ba0e7638-0cd6-4ff4-8987-c3e224d22c23,Person,solo,male,NO,1991-09-11,,,2013,1,dance; deep house; downtempo; edm; electronica; house; tropical house,electronic,other,FALSE,
0VRj0yCOv2FXJNP47XQnx5,Quavo,Quavo,https://image-cdn-ak.spotifycdn.com/image/ab6761610000e5ebd52229f479361a2375f6021c,6143403a-df6c-429e-8ee6-ef869896b0da,Person,solo,male,US,1991-04-02,,,2016,1,hip hop; pop rap; trap,hip hop,,FALSE,
4LLpKhyESsyAXpc4laK94U,Mac Miller,Mac Miller,https://image-cdn-fa.spotifycdn.com/image/ab6761610000e5ebed3b89aa602145fde71a163a,a0e8a1b1-5f8f-475a-a253-17415c17d0ff,Person,solo,male,US,1992-01-19,2018-09-07,,2011,1,hip hop,hip hop,,TRUE,
77ziqFxp5gaInVrF2lj4ht,Sech,Sech,https://image-cdn-ak.spotifycdn.com/image/ab6761610000e5eb9c70d4207e8fe903509e5b66,709f5e96-51cd-49b4-a8e4-0ca0bf808de3,Person,solo,male,PA,1993-12-03,,,2015,1,latin; reggaeton,latin,,FALSE,
0elWFr7TW8piilVRYJUe4P,Natanael Cano,Natanael Cano,https://image-cdn-fa.spotifycdn.com/image/ab6761610000e5eb0d4838ef7ef6c0f889266f60,41925f30-8737-4fb8-af65-da918c0e98f3,Person,solo,male,US,2001-03-27,,,2018,1,corrido tumbado; regional mexicano; trap latino,latin,,FALSE,
6Xgp2XMz1fhVYe7i6yNAax,Trippie Redd,Trippie Redd,https://image-cdn-ak.spotifycdn.com/image/ab6761610000e5ebf2db81b3312a1f167fc54096,8032cf05-d916-4b2a-9c53-6e75d4a24bd8,Person,solo,male,US,1999-06-18,,,2016,1,emo rap; hip hop; rage; trap,hip hop,,FALSE,
7wlFDEWiM5OoIAt8RSli8b,YoungBoy Never Broke Again,YoungBoy Never Broke Again,https://image-cdn-ak.spotifycdn.com/image/ab6761610000e5eb776e469c846c205685141317,127d8614-0876-4408-886c-6f110b047a78,Person,solo,male,US,1999-10-20,,,2015,1,gangsta rap; hip hop; pop rap; southern hip hop; trap,hip hop,,FALSE,
5lwmRuXgjX8xIwlnauTZIP,Romeo Santos,Romeo Santos,https://image-cdn-ak.spotifycdn.com/image/ab6761610000e5eb6d8b48abede0f9e433aa6e49,35f343df-3b87-4475-b0e4-d2ba5cc26eea,Person,solo,male,US,1981-07-21,,,2011,1,bachata; latin,latin,,FALSE,
3q7HBObVc0L8jNeTe5Gofh,50 Cent,50 Cent,https://i.scdn.co/image/6f0da41419b31d9d2ba55d2df212f59ad0668118,8e68819d-71be-4e7d-b41d-f1df81b01d3f,Person,solo,male,US,1975-07-06,,,1999,1,east coast hip hop; gangsta rap; hardcore hip hop; hip hop; pop rap,hip hop,,FALSE,
5LHRHt1k9lMyONurDHEdrp,Tyga,Tyga,https://image-cdn-ak.spotifycdn.com/image/ab6761610000e5ebc0aa5c92c47f7e766074edce,ce09ea31-3d4a-4487-a797-e315175457a0,Person,solo,male,US,1989-11-19,,,2008,1,hip hop; pop rap; ratchet music; trap; west coast hip hop,hip hop,,FALSE,
3PhoLpVuITZKcymswpck5b,Elton John,Elton John,https://image-cdn-fa.spotifycdn.com/image/ab6761610000e5eb0dc33a1c53bb58a84b45d6a7,b83bc61f-8451-4a5d-8b8e-7e9ed295e822,Person,solo,male,GB,1947-03-25,,,1968,1,classic rock; piano rock; pop; pop rock; rock; rock and roll; singer-songwriter; soft rock,rock,pop,FALSE,
2kCcBybjl3SAtIcwdWpUe3,Lil Peep,Lil Peep,https://image-cdn-ak.spotifycdn.com/image/ab6761610000e5eb3d9d59e200e82fa53d8781a1,92da4329-77a4-425c-8e92-4280110cace9,Person,solo,male,US,1996-11-01,2017-11-15,,2017,1,cloud rap; emo; emo rap; hip hop; trap,hip hop,rock,TRUE,
0tmwSHipWxN12fsoLcFU3B,Manuel Turizo,Manuel Turizo,https://image-cdn-ak.spotifycdn.com/image/ab6761610000e5eb7bdd2cd65be6acd55ccd57d3,30a57b7b-47c9-4234-86fd-9b8ff660e7cb,Person,solo,male,CO,2000-04-12,,,2016,1,latin; latin pop; reggaeton,latin,,FALSE,
2o5jDhtHVPhrJdv3cEQ99Z,Tiësto,Tiësto,https://image-cdn-fa.spotifycdn.com/image/ab6761610000e5ebf4973f7346a2f35e56b63d57,aabb1d9f-be12-45b3-a84d-a1fc3e8181fd,Person,solo,male,NL,1969-01-17,,,1996,1,dance; dance-pop; edm; electro house; electronic; house; progressive house; progressive trance; tech trance; trance,electronic,,FALSE,
77SW9BnxLY8rJ0RciFqkHh,The Neighbourhood,The Neighbourhood,https://image-cdn-ak.spotifycdn.com/image/ab6761610000e5ebdf0b5ac84376a0a4b2166816,97b8d224-5660-419c-8dff-4b3bf0c33983,Group,group,male,US,,,,2012,4,alternative rock; indie pop,alternative,,,FALSE
23zg3TcAtWQy7J6upgbUnj,USHER,Usher,https://image-cdn-fa.spotifycdn.com/image/ab6761610000e5eb716114797a4a644c67c5fa72,3414d446-735a-443c-931f-10634f57e5b9,Person,solo,male,US,1978-10-14,,,1993,1,club; contemporary r&b; crunk; dance-pop; hip hop; pop; pop rap; r&b; soul,pop,r&b,FALSE,
7vk5e3vY1uw9plTHJAMwjN,Alan Walker,Alan Walker,https://image-cdn-ak.spotifycdn.com/image/ab6761610000e5eb572a8eae56feae217f618078,b0e4bc50-3062-4d31-afad-def6a6b7a8e9,Person,solo,male,NO,1997-08-24,,,2014,1,club; dance; dance-pop; edm; electro house; electronic; electropop; future bass; pop; progressive house; tropical house,electronic,pop,FALSE,
33ScadVnbm2X8kkUqOkC6Z,Don Omar,Don Omar,https://image-cdn-ak.spotifycdn.com/image/ab6761610000e5ebc9154bd840cd45e769c4e480,afbdfac9-2955-4404-ae22-c08bf1c1b51e,Person,solo,male,PR,1978-02-10,,,2003,1,latin; reggaeton,latin,,FALSE,
64M6ah0SkkRsnPGtGiRAbb,Bebe Rexha,Bebe Rexha,https://image-cdn-ak.spotifycdn.com/image/ab6761610000e5ebead1540fa76796266fadba33,db8fad3a-e131-47a1-8782-c2ee93708cdd,Person,solo,female,US,1989-08-30,,,2014,1,dance-pop; pop,pop,,FALSE,
07YZf4WDAMNwqr4jfgOZ8y,Jason Derulo,Jason Derulo,https://image-cdn-ak.spotifycdn.com/image/ab6761610000e5eb94cf6c87c82ddb0eade61eb0,6de0f914-3e60-4418-be3b-42e0feb6eb4d,Person,solo,male,US,1989-09-21,,,2009,1,afro house; amapiano; contemporary r&b; dance; dance-pop; hip hop; latin; pop; r&b,afrobeats,pop,FALSE,
2ye2Wgw4gimLv2eAKyk1NB,Metallica,Metallica,https://image-cdn-ak.spotifycdn.com/image/ab6761610000e5eb69ca98dd3083f1082d740e44,65f4f0c5-ef9e-490c-aee3-909e7ae6b2ab,Group,group,male,US,,,,1983,4,hard rock; heavy metal; metal; thrash metal,metal,,,FALSE
6VuMaDnrHyPL1p4EHjYLi7,Charlie Puth,Charlie Puth,https://image-cdn-ak.spotifycdn.com/image/ab6761610000e5eb6721f541fb123145d4cb3ace,525f1f1c-03f0-4bc8-8dfd-e7521f87631b,Person,solo,male,US,1991-12-02,,,2015,1,ballad; contemporary r&b; dance-pop; neo soul; pop; soul,r&b,pop,FALSE,
718COspgdWOnwOFpJHRZHS,Luke Combs,Luke Combs,https://image-cdn-fa.spotifycdn.com/image/ab6761610000e5eb584e28452f46640852c2aed4,c20ee61f-071f-4e65-9c81-45ee931a54ce,Person,solo,male,US,1990-03-02,,,2016,1,country,country,,FALSE,
3p7PcrEHaaKLJnPUGOtRlT,Henrique & Juliano,Henrique & Juliano,https://image-cdn-ak.spotifycdn.com/image/ab6761610000e5eb30f0dc81183daaee971c2601,99329c41-2069-4c12-8e8c-035fdf5127a5,Group,group,male,BR,,,,2012,2,sertanejo,latin,,,FALSE
6S2OmqARrzebs0tKUEyXyp,Demi Lovato,Demi Lovato,https://image-cdn-ak.spotifycdn.com/image/ab6761610000e5eb42d7061876b87861d7c8f3fb,faf4cefb-036c-4c88-b93a-5b03dd0a0e6b,Person,solo,non-binary,US,1992-08-20,,,2008,1,dance-pop; electropop; pop; pop rock; teen pop,pop,,FALSE,
40ZNYROS4zLfyyBSs2PGe2,Zach Bryan,Zach Bryan,https://image-cdn-ak.spotifycdn.com/image/ab6761610000e5eb4fd54df35bfcfa0fc9fc2da7,51e90731-08c0-4f60-89b6-5b78e5844de8,Person,solo,male,US,1996-04-02,,,2019,1,alternative country; americana; country; red dirt,country,alternative,FALSE,
31W5EY0aAly4Qieq6OFu6I,A Boogie Wit da Hoodie,A Boogie Wit da Hoodie,https://image-cdn-ak.spotifycdn.com/image/ab6761610000e5ebebe9d9f649d6ef85497f71af,c1708d03-8a66-46eb-848e-fe0d233ffb39,Person,solo,male,US,1995-12-06,,,2016,1,emo rap; hip hop; r&b; trap,hip hop,,FALSE,
07YUOmWljBTXwIseAUd9TW,Sebastian Yatra,Sebastian Yatra,https://image-cdn-ak.spotifycdn.com/image/ab6761610000e5ebac1d47a290d9c451e4ba3b06,151d9c35-43b8-49b9-a69a-5db6525dbcd2,Person,solo,male,CO,1994-10-15,,,2013,1,latin; latin pop; reggaeton,latin,,FALSE,
1zNqQNIdeOUZHb8zbZRFMX,Swae Lee,Swae Lee,https://image-cdn-ak.spotifycdn.com/image/ab6761610000e5ebf1be22786da29b0a1284c0a5,a17ce9c3-8f6f-4dcc-a1b7-2a04ab9e31f0,Person,solo,male,US,1993-06-07,,,2016,1,alternative r&b; cloud rap; hip hop; pop rap; r&b; trap,hip hop,r&b,FALSE,
31TPClRtHm23RisEBtV3X7,Justin Timberlake,Justin Timberlake,https://image-cdn-ak.spotifycdn.com/image/ab6761610000e5eb7a5cfe2597665a3d160e805e,596ffa74-3d08-44ef-b113-765d43d12738,Person,solo,male,US,1981-01-31,,,2002,1,boogie; contemporary r&b; dance-pop; disco; electropop; neo soul; pop; r&b; synth funk,r&b,pop,FALSE,
46SHBwWsqBkxI7EeeBEQG7,Kodak Black,Kodak Black,https://image-cdn-ak.spotifycdn.com/image/ab6761610000e5eb98f80af7d47ac0d17d10d989,5ec1ecc6-4535-4911-a27a-e26343f4a189,Person,solo,male,US,1997-06-11,,,2015,1,hip hop; southern hip hop; trap,hip hop,,FALSE,
41MozSoPIsD1dJM0CLPjZF,BLACKPINK,BLACKPINK,https://image-cdn-ak.spotifycdn.com/image/ab6761610000e5eb9b57f5eccf180a0049be84b3,48646387-1664-4c9a-9139-9bfd091b823c,Group,group,female,KR,,,,2016,4,hip hop; k-pop; pop,k-pop,pop,,FALSE
6nVcHLIgY5pE2YCl8ubca1,JHAYCO,Jhayco,https://image-cdn-ak.spotifycdn.com/image/ab6761610000e5eb21907ce45d02176645072c22,2b67658e-429f-425a-adf5-345b13112fc1,Person,solo,male,PR,1993-04-09,,,2018,1,hip hop; reggaeton; trap latino,latin,hip hop,FALSE,
3Isy6kedDrgPYoTS1dazA9,Sean Paul,Sean Paul,https://image-cdn-fa.spotifycdn.com/image/ab6761610000e5eb60c3e9abe7327c0097738f22,c3da3346-2643-48a7-93cd-011f6834b3d7,Person,solo,male,JM,1973-01-09,,,1998,1,dance-pop; dancehall; electropop; hip hop; pop; ragga; reggae,pop,reggae,FALSE,
0eDvMgVFoNV3TpwtrVCoTj,Pop Smoke,Pop Smoke,https://image-cdn-ak.spotifycdn.com/image/ab6761610000e5eb597f9edd2cd1a892d4412b09,253c9ae7-850b-46be-8fbb-65e9fa621058,Person,solo,male,US,1999-07-20,2020-02-19,,2018,1,east coast hip hop; hip hop; trap,hip hop,,TRUE,
1U1el3k54VvEUzo3ybLPlM,Kali Uchis,Kali Uchis,https://image-cdn-ak.spotifycdn.com/image/ab6761610000e5eb6a5bff9f9278d4eea13bb67e,d0c7656d-8169-4f77-9dbe-b8f24e40105d,Person,solo,female,US,1994-07-17,,,2014,1,alternative r&b; contemporary r&b; latin pop; neo soul,latin,r&b,FALSE,
4tZwfgrHOc3mvqYlEYSvVi,Daft Punk,Daft Punk,https://image-cdn-ak.spotifycdn.com/image/ab6761610000e5ebd3aa7cc0e419b6c459b08e8e,056e4f3e-d505-4dad-8ec1-d04f521cbb56,Group,group,male,FR,,,2021-02-22,1994,2,dance; disco; electro house; electroclash; electronic; french electro; french house; funk; house,electronic,other,,TRUE
0c173mlxpT3dSFRgMO8XPh,Big Sean,Big Sean,https://image-cdn-ak.spotifycdn.com/image/ab6761610000e5eb3d5b14b45d4c3d10d23b03ff,942a9807-9c1a-4a0e-a285-1fde2c5be9d1,Person,solo,male,US,1988-03-25,,,2010,1,hip hop; pop rap; r&b; southern hip hop; trap,hip hop,,FALSE,
4Gso3d4CscCijv0lmajZWs,Don Toliver,Don Toliver,https://image-cdn-ak.spotifycdn.com/image/ab6761610000e5eb52258b97639c24efe49fbf9e,a0723a3c-4135-438e-85c5-012712144ede,Person,solo,male,US,1994-06-12,,,2017,1,alternative r&b; hip hop; trap,hip hop,,FALSE,
2FXC3k01G6Gw61bmprjgqS,Hozier,Hozier,https://image-cdn-fa.spotifycdn.com/image/ab6761610000e5ebad85a585103dfc2f3439119a,b4691384-50c3-4afd-9988-51d3ec5db65d,Person,solo,male,IE,1990-03-17,,,2013,1,blues; blues rock; chamber pop; folk rock; indie rock; pop; pop rock; pop soul; r&b; rock; singer-songwriter; soul,r&b,rock,FALSE,
2nszmSgqreHSdJA3zWPyrW,Luis Miguel,Luis Miguel,https://image-cdn-fa.spotifycdn.com/image/ab6761610000e5eb6481401e529e475116702a29,90270118-8ed0-4446-bf97-8a09b3f9e8f3,Person,solo,male,MX,1970-04-19,,,1982,1,bolero; canción melódica; latin; latin ballad; latin pop; pop; ranchera,latin,pop,FALSE,
711MCceyCBcFnzjGY4Q7Un,AC/DC,AC/DC,https://image-cdn-ak.spotifycdn.com/image/ab6761610000e5ebc4c77549095c86acb4e77b37,66c662b6-6e2f-4930-8610-912e24c63ed1,Group,group,male,AU,,,,1974,5,blues rock; classic rock; hard rock; rock; rock and roll,rock,,,FALSE
45dkTj5sMRSjrmBSBeiHym,Tate McRae,Tate McRae,https://image-cdn-ak.spotifycdn.com/image/ab6761610000e5ebbed8016bd64422793ff3bc75,f9133869-f87c-459c-9aa7-2f176cda7e06,Person,solo,female,CA,2003-07-01,,,2017,1,alternative pop; contemporary r&b; dance-pop; pop; pop rock,pop,,FALSE,
5fMUXHkw8R8eOP2RNVYEZX,Diplo,Diplo,https://image-cdn-ak.spotifycdn.com/image/ab6761610000e5ebdf01727aa674ddefa777797a,a56bd8f9-8ef8-4d63-89a4-794ed1360dd2,Person,solo,male,US,1978-11-10,,,2003,1,edm; electronic; electronica; festival trap; future bass; hip hop; moombahton; trap; trap edm; twerk,hip hop,electronic,FALSE,
0jnsk9HBra6NMjO2oANoPY,Flo Rida,Flo Rida,https://image-cdn-ak.spotifycdn.com/image/ab6761610000e5eb655ca8f3196953554b479452,4593d49a-7f67-46ba-9ec0-126bd676286f,Person,solo,male,US,1979-09-16,,,2007,1,dance-pop; electronic; electropop; hip hop; hip house; pop rap; southern hip hop,hip hop,pop,FALSE,
4IWBUUAFIplrNtaOHcJPRM,James Arthur,James Arthur,https://image-cdn-fa.spotifycdn.com/image/ab6761610000e5eb5a55e66595e80fb12dc5f5fa,56f62fe8-d3a0-46e0-b5df-a64a8b4b4274,Person,solo,male,GB,1988-03-02,,,2012,1,pop; pop soul,pop,,FALSE,
0z4gvV4rjIZ9wHck67ucSV,Akon,Akon,https://image-cdn-ak.spotifycdn.com/image/ab6761610000e5eb8c5984726ddb2c2d90ada28d,1138a764-2212-4d0a-b02d-0dc14df91e08,Person,solo,male,SN,1973-04-16,,,2004,1,contemporary r&b; hip hop; r&b; reggae-pop,r&b,,FALSE,
6oMuImdp5ZcFhWP0ESe6mG,Migos,Migos,https://image-cdn-ak.spotifycdn.com/image/ab6761610000e5ebf4593f7b778219838d858c34,0221734a-35a8-40f7-b5c5-2f61a200bc7c,Group,group,unknown,US,,,2023-06-25,2013,3,hip hop; southern hip hop; trap,hip hop,,,TRUE
2jku7tDXc6XoB6MO2hFuqg,Tory Lanez,Tory Lanez,https://image-cdn-ak.spotifycdn.com/image/ab6761610000e5ebbd5d3e1b363c3e26710661c3,5b8ec72b-9e39-4a06-a2bf-964166b92a71,Person,solo,male,CA,1992-07-27,,,2010,1,alternative hip hop; alternative r&b; contemporary r&b; dancehall; hip hop; r&b,r&b,hip hop,FALSE,
0X2BH1fck6amBIoJhDVmmJ,Ellie Goulding,Ellie Goulding,https://image-cdn-ak.spotifycdn.com/image/ab6761610000e5eb69266d088d2ab5c74e028863,33ca19f4-18c8-4411-98df-ac23890ce9f5,Person,solo,female,GB,1986-12-30,,,2009,1,club; contemporary r&b; dance; dance-pop; dream pop; edm; electropop; indie folk; indie pop; indietronica; pop; synth-pop,pop,electronic,FALSE,
3hcs9uc56yIGFCSy9leWe7,Lil Durk,Lil Durk,https://image-cdn-ak.spotifycdn.com/image/ab6761610000e5eb09791422702c3fa9780468d4,c9cd225b-4883-428e-82c2-73e0b6282fb6,Person,solo,male,US,1992-10-19,,,2015,1,chicago drill; drill; hip hop; pop rap; trap,hip hop,,FALSE,
02kJSzxNuaWGqwubyUba0Z,G-Eazy,G-Eazy,https://image-cdn-ak.spotifycdn.com/image/ab6761610000e5ebd0f55babbbdcfab188016110,db48610c-6d8f-4d10-90ca-c4d14bb1a8b1,Person,solo,male,US,1989-05-24,,,2014,1,hip hop; trap,hip hop,,FALSE,
2RdwBSPQiwcmiDo9kixcl8,Pharrell Williams,Pharrell Williams,https://image-cdn-fa.spotifycdn.com/image/ab6761610000e5ebf0789cd783c20985ec3deb4e,149f91ef-1287-46da-9a8e-87fee02f1471,Person,solo,male,US,1973-04-05,,,2003,1,contemporary r&b; hip hop; pop; pop rap; pop soul; soul,pop,r&b,FALSE,
1bAftSH8umNcGZ0uyV7LMg,Duki,Duki,https://image-cdn-fa.spotifycdn.com/image/ab6761610000e5eb0f682e8d99b232d621a25c3b,44869536-0262-4f22-9c23-b4821c13cd97,Person,solo,male,AR,1996-06-24,,,2017,1,trap latino,latin,,FALSE,
66ihevNkSYNzRAl44dx6jJ,Carín León,Carin Leon,https://image-cdn-ak.spotifycdn.com/image/ab6761610000e5eb69543997b9f68a0d2bb37a4a,db8efd58-7cd0-4ca8-a538-14ad6b44640b,Person,solo,male,MX,1989-07-26,,,2018,1,banda sinaloense; bolero; corrido; latin; mariachi; norteño; ranchera; reggaeton; regional mexicano; sierreño; vallenato,latin,other,FALSE,
1KCSPY1glIKqW2TotWuXOR,P!nk,P!nk,https://image-cdn-ak.spotifycdn.com/image/ab6761610000e5eb7bbad89a61061304ec842588,f4d5cc07-3bc9-4836-9b15-88a08359bc63,Person,solo,female,US,1979-09-08,,,2000,1,contemporary r&b; dance-pop; electropop; pop; pop rock; rock; singer-songwriter,pop,rock,FALSE,
540vIaP2JwjQb9dm3aArA4,DJ Snake,DJ Snake,https://image-cdn-ak.spotifycdn.com/image/ab6761610000e5eb7e57e2ed9b787ba5773b7cb9,31445b1e-96f3-4c7f-84ec-dd02e647e690,Person,solo,male,FR,1986-06-13,,,2013,1,alternative r&b; contemporary r&b; dance; edm; electropop; hip hop; moombahton; trap,hip hop,r&b,FALSE,
716NhGYqD1jl2wI1Qkgq36,Bizarrap,Bizarrap,https://image-cdn-ak.spotifycdn.com/image/ab6761610000e5eb14add0d3419426b84158b913,3b6abaef-febf-4cfe-943f-6a20cf0afdad,Person,solo,male,AR,1998-08-29,,,2019,1,pop; trap; trap edm; trap latino,latin,hip hop,FALSE,
6olE6TJLqED3rqDCT0FyPh,Nirvana,Nirvana,https://i.scdn.co/image/a4e10b79a642e9891383448cbf37d7266a6883d6,5b11f4ce-a62d-471e-81fc-a69a8278c7da,Group,group,male,US,,,1994-04-05,1988,3,acoustic rock; alternative metal; alternative rock; grunge; noise rock; post-hardcore; punk; punk rock; rock; sludge metal,rock,alternative,,TRUE
2tIP7SsRs7vjIcLrU85W8J,The Kid LAROI,The Kid LAROI,https://image-cdn-ak.spotifycdn.com/image/ab6761610000e5eb47a63ec071646765439ba93a,80609a00-b394-4a49-975b-2db6b543fa97,Person,solo,male,AU,2003-08-16,,,2019,1,emo rap; hip hop; pop rap,hip hop,,FALSE,
26dSoYclwsYLMAKD3tpOr4,Britney Spears,Britney Spears,https://image-cdn-ak.spotifycdn.com/image/ab6761610000e5eb26e59b825251b7df20a7b65e,45a663b5-b1cb-4a91-bff6-2bef7bbfdd76,Person,solo,female,US,1981-12-02,,,1998,1,dance-pop; electro house; electropop; pop; teen pop,pop,electronic,FALSE,
14zUHaJZo1mnYtn6IBRaRP,Justin Quiles,Justin Quiles,https://image-cdn-ak.spotifycdn.com/image/ab6761610000e5eb2d05ef4037103c9e2a167a3c,e5fdb46c-eb73-4820-94ba-5dd5b35948cf,Person,solo,male,PR,1990-03-29,,,2011,1,latin; reggaeton,latin,,FALSE,
7FNnA9vBm6EKceENgCGRMb,Anitta,Anitta,https://image-cdn-fa.spotifycdn.com/image/ab6761610000e5ebda2a9d91c5f52a9088851251,d606b860-cc03-4959-a3fd-3a24bccf2560,Person,solo,female,BR,1993-03-30,,,2012,1,funk; latin; latin pop; pop; reggaeton; teen pop,latin,pop,FALSE,
08GQAI4eElDnROBrJRGE0X,Fleetwood Mac,Fleetwood Mac,https://image-cdn-ak.spotifycdn.com/image/ab6761610000e5ebc8752dd511cda8c31e9daee8,bd13909f-1c29-4c27-a874-d4aaf27c5b1a,Group,group,mixed,GB,,,,1968,3,art pop; blues; blues rock; british blues; classic rock; pop; pop rock; rock; soft rock,rock,pop,,FALSE
1yR65psqiazQpeM79CcGh8,Marília Mendonça,Marília Mendonça,https://image-cdn-ak.spotifycdn.com/image/ab6761610000e5eb82541986e1e91ecd556ef72c,caeef712-a58f-469b-bfb6-edbd47612cdd,Person,solo,female,BR,1995-07-22,2021-11-05,,2014,1,sertanejo; sertanejo universitário,latin,,TRUE,
13y7CgLHjMVRMDqxdx0Xdo,Gucci Mane,Gucci Mane,https://image-cdn-ak.spotifycdn.com/image/ab6761610000e5ebb9b77f64bd278ffde2c94428,36494952-f434-45d8-a958-8b4acdbcf8a8,Person,solo,male,US,1980-02-12,,,2005,1,hip hop; southern hip hop; trap,hip hop,,FALSE,
6AgTAQt8XS6jRWi4sX7w49,Polo G,Polo G,https://image-cdn-ak.spotifycdn.com/image/ab6761610000e5ebbedf3bdf589da06d1567196c,7e1e5648-1d6a-4248-975a-98603e781848,Person,solo,male,US,1999-01-06,,,2018,1,chicago drill; drill; gangsta rap; hip hop; trap,hip hop,,FALSE,
17lzZA2AlOHwCwFALHttmp,2 Chainz,2 Chainz,https://image-cdn-ak.spotifycdn.com/image/ab6761610000e5ebf556662d187b9191c421be1c,dff0d392-4cd5-4052-9fbb-f485df3891e5,Person,solo,male,US,1976-09-10,,,2012,1,dirty south; hardcore hip hop; hip hop; southern hip hop; trap,hip hop,,FALSE,
1yxSLGMDHlW21z4YXirZDS,Black Eyed Peas,Black Eyed Peas,https://image-cdn-fa.spotifycdn.com/image/ab6761610000e5ebb3037310c07b99cbefbd2c6d,d5be5333-4171-427e-8e12-732087c6b78e,Group,group,mixed,US,,,,1997,6,dance-pop; electronic; hip hop; pop; pop rap; west coast hip hop,hip hop,pop,,FALSE
4Z8W4fKeB5YxbusRsdQVPb,Radiohead,Radiohead,https://image-cdn-ak.spotifycdn.com/image/ab6761610000e5eb4104fbd80f1f795728abbd59,a74b1b7f-71a5-4011-9441-d0b5e4122711,Group,group,male,GB,,,,1992,5,alternative rock; art pop; art rock; electronic; electronica; experimental; experimental rock; indie rock; post-britpop; rock,rock,alternative,,FALSE
0fA0VVWsXO9YnASrzqfmYu,Kid Cudi,Kid Cudi,https://image-cdn-fa.spotifycdn.com/image/ab6761610000e5eb5f00bb6dd7a7008d14156630,e0e1db18-f7ba-4dee-95ff-7ae8cf545460,Person,solo,male,US,1984-01-30,,,2008,1,alternative hip hop; hip hop; pop rap; trap,hip hop,,FALSE,
7oPftvlwr6VrsViSDV7fJY,Green Day,Green Day,https://image-cdn-ak.spotifycdn.com/image/ab6761610000e5eb6ff0cd5ef2ecf733804984bb,084308bd-1654-436f-ba03-df6697104e19,Group,group,male,US,,,,1989,3,alternative rock; pop punk; power pop; punk; punk rock; rock,rock,pop,,FALSE
4DdkRBBYG6Yk9Ka8tdJ9BW,Offset,Offset,https://image-cdn-ak.spotifycdn.com/image/ab6761610000e5eb0f794f3394223026afa7776d,92631c53-91ed-48f5-a09d-a104ba69cdc7,Person,solo,male,US,1991-12-14,,,2018,1,hip hop; southern hip hop; trap,hip hop,,FALSE,
20JZFwl6HVl6yg8a4H3ZqK,Panic! At The Disco,Panic! At The Disco,https://image-cdn-ak.spotifycdn.com/image/ab6761610000e5ebb256ae9a4b82bfff97776ae2,b9472588-93f3-4922-a1a2-74082cdf9ce8,Group,group,male,US,,,2023-03-10,2005,1,alternative rock; baroque pop; chamber pop; electropop; emo; emo pop; pop punk; pop rock; power pop,pop,rock,,TRUE
2QsynagSdAqZj3U9HgDzjD,Bob Marley & The Wailers,Bob Marley & The Wailers,https://i.scdn.co/image/4cd57e5e12ea2c24644c40886d65a9b22eca9802,c296e10c-110a-4103-9e77-47bfebb7fb2e,Group,group,mixed,JM,,,1981-05-11,1962,7,reggae; rocksteady; roots reggae; ska,reggae,,,TRUE
4UXqAaa6dQYAk18Lv7PEgX,Fall Out Boy,Fall Out Boy,https://image-cdn-ak.spotifycdn.com/image/ab6761610000e5eb362011ebe6064c38e97e9aac,516cef4d-0718-4007-9939-f9b38af3f784,Group,group,male,US,,,,2003,4,alternative rock; electropop; emo; emo pop; indie rock; pop; pop punk; pop rock,rock,pop,,FALSE
1pQWsZQehhS4wavwh7Fnxd,Lenny Tavárez,Lenny Tavárez,https://image-cdn-ak.spotifycdn.com/image/ab6761610000e5eb3afda6e209cde491e2ec3ace,9ded7dc2-70e1-4cdc-9845-27ad38c9e5fc,Person,solo,male,PR,1987-05-19,,,2013,1,latin; reggaeton; trap latino,latin,,FALSE,
757aE44tKEUQEqRuT6GnEB,Roddy Ricch,Roddy Ricch,https://image-cdn-fa.spotifycdn.com/image/ab6761610000e5eb88d7900663b237167c4be332,5721c227-4caf-48b1-bbfc-1a4ed3276963,Person,solo,male,US,1998-10-22,,,2017,1,hip hop; trap,hip hop,,FALSE,
4GNC7GD6oZMSxPGyXy4MNB,Lewis Capaldi,Lewis Capaldi,https://image-cdn-ak.spotifycdn.com/image/ab6761610000e5ebdc9e707b0d0e591e08d3f549,526aab94-697f-44a9-b630-41d1c0505953,Person,solo,male,GB,1996-10-17,,,2017,1,blue-eyed soul; pop; singer-songwriter,pop,,FALSE,
28gNT5KBp7IjEOQoevXf9N,Camilo,Camilo,https://image-cdn-fa.spotifycdn.com/image/ab6761610000e5ebadd0f250a8602d9bb093161f,ed90e3b4-8eb8-4f9d-a24e-533c0c60c720,Person,solo,male,CO,1994-03-16,,,2019,1,latin; latin pop; reggaeton,latin,,FALSE,
21E3waRsmPlU7jZsS13rcj,Ne-Yo,Ne-Yo,https://image-cdn-ak.spotifycdn.com/image/ab6761610000e5ebca118e3822061f7b7f6bc537,a4a01f5d-18e7-4571-8c3a-76ec0e24e2d7,Person,solo,male,US,1979-10-18,,,2005,1,contemporary r&b; dance-pop; electro house; electropop; hip hop; hip house; pop rap,pop,electronic,FALSE,
5C4PDR4LnhZTbVnKWXuDKD,Morat,Morat,https://image-cdn-ak.spotifycdn.com/image/ab6761610000e5eb3d53e852b5c27d3bc5aa3439,664f5669-a550-49fc-a38c-951594ddc9a4,Group,group,male,CO,,,,2015,4,latin; latin pop,latin,,,FALSE
2EMAnMvWE2eb56ToJVfCWs,Bryson Tiller,Bryson Tiller,https://image-cdn-fa.spotifycdn.com/image/ab6761610000e5ebb0ff28b9d4bed74c66901b2b,d8fd8d9b-473b-4f06-83c8-869b1bb9de89,Person,solo,male,US,1993-01-02,,,2015,1,alternative r&b; contemporary r&b; trap; trap soul,r&b,hip hop,FALSE,
3MZsBdqDrRTJihTHQrO6Dq,Joji,Joji,https://image-cdn-ak.spotifycdn.com/image/ab6761610000e5eb6e69601c22184c630a2d5e71,8264722b-df00-467a-858e-5c97cda169c9,Person,solo,male,US,1992-09-18,,,2017,1,alternative r&b; art pop; ballad; instrumental hip hop; lo-fi hip hop; trip hop,hip hop,other,FALSE,
6fOMl44jA4Sp5b9PpYCkzz,NF,NF,https://image-cdn-fa.spotifycdn.com/image/ab6761610000e5eb8fcc5c49d2116d7251ecbd65,5660a8c7-d0d9-4181-89b4-8e125328e31e,Person,solo,male,US,1991-03-30,,,2011,1,hip hop; pop rap,hip hop,,FALSE,
20wkVLutqVOYrc0kxFs7rA,Daniel Caesar,Daniel Caesar,https://image-cdn-fa.spotifycdn.com/image/ab6761610000e5ebe4d94f7cbebb17504c25d419,b46e298d-d3a5-4695-a03e-63e8c523b23e,Person,solo,male,CA,1995-04-05,,,2014,1,alternative r&b; contemporary r&b; r&b,r&b,,FALSE,
6icQOAFXDZKsumw3YXyusw,Lil Yachty,Lil Yachty,https://image-cdn-ak.spotifycdn.com/image/ab6761610000e5eb86c7c38d4c8c461dba55035c,a668565b-41b8-44a8-9d5c-8e609dbf69fc,Person,solo,male,US,1997-08-23,,,2016,1,hip hop; southern hip hop; trap,hip hop,,FALSE,
4xRYI6VqpkE3UwrDrAZL8L,Logic,Logic,https://image-cdn-ak.spotifycdn.com/image/ab6761610000e5eb4309e7be1610df9a1fd34793,713e751f-3ddb-4b77-b3b1-9e6f2e953ad5,Person,solo,male,US,1990-01-22,,,2010,1,east coast hip hop; hip hop; pop rap,hip hop,,FALSE,
1elUiq4X7pxej6FRlrEzjM,Jorge & Mateus,Jorge & Mateus,https://image-cdn-ak.spotifycdn.com/image/ab6761610000e5ebcdef7b197f1add89019d6ad4,311e7141-051a-40bc-bce5-7998b6c869ee,Group,group,male,BR,,,,2007,2,country; sertanejo; sertanejo universitário,latin,,,FALSE
60d24wfXkVzDSfLS6hyCjZ,Martin Garrix,Martin Garrix,https://image-cdn-ak.spotifycdn.com/image/ab6761610000e5ebf5b8ee60f1f4ee3453aba40b,3e1f2ee4-16be-4406-bf18-6173840cf2b1,Person,solo,male,NL,1996-05-15,,,2012,1,big room house; dance-pop; edm; electro house; festival progressive house; tropical house,electronic,,FALSE,
4zCH9qm4R2DADamUHMCa6O,Anirudh Ravichander,Anirudh Ravichander,https://image-cdn-ak.spotifycdn.com/image/ab6761610000e5eb0f0be2054fe9594026a6b843,cf76861a-c1f5-456d-8d17-5994d05eecf8,Person,solo,male,IN,1990-10-16,,,2012,1,filmi,other,,FALSE,
0oOet2f43PA68X5RxKobEy,Shreya Ghoshal,Shreya Ghoshal,https://image-cdn-fa.spotifycdn.com/image/ab6761610000e5ebe7ce89a9f5d11e0ba26677eb,a8740949-50a8-4e71-8133-17d31b7cf69c,Person,solo,female,IN,1984-03-12,,,1998,1,filmi,other,,FALSE,
1lP7f2evgtQcghRmqkPb3j,mgk,Machine Gun Kelly,https://i.scdn.co/image/ab6761610000e5eb85e7615a199f8b17fabfcd61,f6af669a-56ea-448a-a044-de76181ada33,Person,solo,male,US,1990-04-22,,,2010,1,hip hop; pop punk; pop rap; rap rock,hip hop,pop,FALSE,
25uiPmTg16RbhZWAqwLBy5,Charli xcx,Charli XCX,https://image-cdn-fa.spotifycdn.com/image/ab6761610000e5ebdaa727dd396963ba92dd6377,260b6184-8828-48eb-945c-bc4cb6fc34ca,Person,solo,female,GB,1992-08-02,,,2011,1,bubblegum bass; dance-pop; deconstructed club; electronic; electropop; europop; experimental hip hop; hyperpop; pop; synth-pop,pop,electronic,FALSE,
2dIgFjalVxs4ThymZ67YCE,Stray Kids,Stray Kids,https://image-cdn-ak.spotifycdn.com/image/ab6761610000e5ebf9887d2c9288f0e50a3fd69f,142b343d-bf5a-428c-a64f-6d1a7566bbe9,Group,group,male,KR,,,,2018,8,electropop; k-pop; pop rap; trap; trap edm,k-pop,hip hop,,FALSE
7jVv8c5Fj3E9VhNjxT4snq,Lil Nas X,Lil Nas X,https://image-cdn-ak.spotifycdn.com/image/ab6761610000e5eb3758a33e782b46bd7f174e1d,0b30341b-b59d-4979-8130-b66c0e475321,Person,solo,male,US,1999-04-09,,,2018,1,hip hop; pop rap; trap,hip hop,,FALSE,
738wLrAtLtCtFOLvQBXOXp,Major Lazer,Major Lazer,https://image-cdn-fa.spotifycdn.com/image/ab6761610000e5ebd18eac6f1e653551fd05a793,75be165a-ad83-4d12-bd28-f589a15c479f,Group,group,male,JM,,,,2009,3,art pop; dance-pop; dancehall; edm; electronic; electropop; jungle terror; moombahton,electronic,pop,,FALSE
3IW7ScrzXmPvZhB27hmfgy,Jul,Jul,https://image-cdn-ak.spotifycdn.com/image/ab6761610000e5ebb1c1670f8b27fcf5fe14ed3a,8e6c44df-06fc-4852-83d0-ef0efed6630a,Person,solo,male,FR,1990-01-14,,,2013,1,hip hop; pop rap,hip hop,,FALSE,
181bsRPaVXVlUKXrxwZfHK,Megan Thee Stallion,Megan Thee Stallion,https://image-cdn-ak.spotifycdn.com/image/ab6761610000e5eb65a9ac943abab7c9935ea282,ee27b2d8-648c-4a9d-a68c-e55066959975,Person,solo,female,US,1995-02-15,,,2016,1,hip hop; pop rap; southern hip hop; trap,hip hop,,FALSE,
2HPaUgqeutzr3jx5a9WyDV,PARTYNEXTDOOR,PARTYNEXTDOOR,https://image-cdn-ak.spotifycdn.com/image/ab6761610000e5eb957320981e31e862bc2fb844,f23ef341-33bd-47c1-b83c-846a78581f05,Person,solo,male,CA,1993-07-03,,,2013,1,alternative r&b; contemporary r&b; r&b; soul; trap soul,r&b,,FALSE,
4obzFoKoKRHIphyHzJ35G3,Becky G,Becky G,https://image-cdn-ak.spotifycdn.com/image/ab6761610000e5eb1b7aaeedafb29af4c513ebd3,eb90c8b8-d733-4c14-a293-105c3d1ba9b3,Person,solo,female,US,1997-03-02,,,2013,1,contemporary r&b; cumbia; dance-pop; hip hop; latin; latin pop; pop; pop rap; reggaeton; teen pop,latin,pop,FALSE,
0XwVARXT135rw8lyw1EeWP,Christian Nodal,Christian Nodal,https://image-cdn-ak.spotifycdn.com/image/ab6761610000e5ebb81c7e6a8d9beb21d3489ef0,7f464f95-2410-4040-a88e-1dbe96f17fcd,Person,solo,male,MX,1999-01-11,,,2017,1,mariachi; ranchera; regional mexicano,other,,FALSE,
3E6xrwgnVfYCrCs0ePERDz,Wisin,Wisin,https://image-cdn-ak.spotifycdn.com/image/ab6761610000e5eb5b0446d66cb8dff19ea33ff5,6a6eea03-b435-446c-bab1-312b45580aee,Person,solo,male,PR,1979-12-19,,,2004,1,latin; reggaeton,latin,,FALSE,